{"cameraMode":{"drawMode":0,"name":"Shaded","section":"Shading Mode"},"sceneLighting":true,"audioPlay":false,"sceneViewState":{"showFog":true,"showMaterialUpdate":false,"showSkybox":true,"showFlares":true,"showImageEffects":true,"showParticleSystems":true},"in2DMode":false,"pivot":{"x":-0.7735137939453125,"y":1.7040414810180665,"z":3.7926583290100099},"rotation":{"x":-0.007806995417922735,"y":0.6918554902076721,"z":-0.007477692794054747,"w":-0.721972644329071},"size":11.976299285888672,"orthographic":false}