{"cameraMode":{"drawMode":0,"name":"Shaded","section":"Shading Mode"},"sceneLighting":true,"audioPlay":false,"sceneViewState":{"showFog":true,"showMaterialUpdate":false,"showSkybox":true,"showFlares":true,"showImageEffects":true,"showParticleSystems":true},"in2DMode":false,"pivot":{"x":0.18406295776367188,"y":4.253180980682373,"z":14.983500480651856},"rotation":{"x":0.001920638489536941,"y":0.6994381546974182,"z":0.00188285275362432,"w":-0.7147088646888733},"size":15.210168838500977,"orthographic":false}