{"cameraMode":{"drawMode":0,"name":"Shaded","section":"Shading Mode"},"sceneLighting":true,"audioPlay":false,"sceneViewState":{"showFog":true,"showMaterialUpdate":false,"showSkybox":true,"showFlares":true,"showImageEffects":true,"showParticleSystems":true},"in2DMode":false,"pivot":{"x":376.5953369140625,"y":241.27072143554688,"z":550.1912841796875},"rotation":{"x":-0.07221700251102448,"y":-0.029320212081074716,"z":0.0021251377183943989,"w":-0.9969669580459595},"size":1838.8642578125,"orthographic":false}