{"cameraMode":{"drawMode":0,"name":"Shaded","section":"Shading Mode"},"sceneLighting":false,"audioPlay":false,"sceneViewState":{"showFog":true,"showMaterialUpdate":false,"showSkybox":false,"showFlares":true,"showImageEffects":true,"showParticleSystems":true},"in2DMode":false,"pivot":{"x":0.0,"y":1.2929999828338624,"z":4.5289998054504398},"rotation":{"x":-0.047623682767152789,"y":0.7500472664833069,"z":-0.05432984605431557,"w":-0.6574422121047974},"size":0.5715766549110413,"orthographic":false}