{"cameraMode":{"drawMode":0,"name":"Shaded","section":"Shading Mode"},"sceneLighting":true,"audioPlay":false,"sceneViewState":{"showFog":true,"showMaterialUpdate":false,"showSkybox":true,"showFlares":true,"showImageEffects":true,"showParticleSystems":true},"in2DMode":false,"pivot":{"x":2.6500000953674318,"y":-0.49000000953674319,"z":3.1700000762939455},"rotation":{"x":-0.0778789296746254,"y":0.7619269490242004,"z":-0.0932718813419342,"w":-0.6361791491508484},"size":22.0,"orthographic":false}