{"cameraMode":{"drawMode":0,"name":"Shaded","section":"Shading Mode"},"sceneLighting":true,"audioPlay":false,"sceneViewState":{"showFog":true,"showMaterialUpdate":false,"showSkybox":true,"showFlares":true,"showImageEffects":true,"showParticleSystems":true},"in2DMode":false,"pivot":{"x":-27.369281768798829,"y":-2.584624767303467,"z":2.951115131378174},"rotation":{"x":-0.05064111948013306,"y":0.6966124773025513,"z":-0.04940912127494812,"w":-0.7139629125595093},"size":33.34528732299805,"orthographic":false}